{
  "name": "demoIonic",
  "version": "0.0.1",
  "author": "Ionic Framework",
  "homepage": "https://ionicframework.com/",
  "scripts": {
    "ng": "ng",
    "start": "ng serve",
    "build": "ng build",
    "test": "ng test",
    "lint": "ng lint",
    "e2e": "ng e2e"
  },
  "private": true,
  "dependencies": {
    "@angular/common": "~8.1.2",
    "@angular/core": "~8.1.2",
    "@angular/forms": "~8.1.2",
    "@angular/platform-browser": "~8.1.2",
    "@angular/platform-browser-dynamic": "~8.1.2",
    "@angular/router": "~8.1.2",
    "@fortawesome/angular-fontawesome": "^0.5.0",
    "@fortawesome/fontawesome-svg-core": "^1.2.30",
    "@fortawesome/free-solid-svg-icons": "^5.14.0",
    "@ionic-native/android-permissions": "^5.28.0",
    "@ionic-native/barcode-scanner": "^5.28.0",
    "@ionic-native/camera": "^5.28.0",
    "@ionic-native/clipboard": "^5.28.0",
    "@ionic-native/core": "^5.28.0",
    "@ionic-native/crop": "^5.28.0",
    "@ionic-native/device": "^5.28.0",
    "@ionic-native/fcm": "^5.28.0",
    "@ionic-native/file": "^5.28.0",
    "@ionic-native/file-path": "^5.28.0",
    "@ionic-native/file-transfer": "^5.28.0",
    "@ionic-native/geolocation": "^5.28.0",
    "@ionic-native/image-picker": "^5.28.0",
    "@ionic-native/keyboard": "^5.28.0",
    "@ionic-native/local-notifications": "^5.28.0",
    "@ionic-native/location-accuracy": "^5.28.0",
    "@ionic-native/media": "^5.28.0",
    "@ionic-native/media-capture": "^5.28.0",
    "@ionic-native/native-keyboard": "^5.28.0",
    "@ionic-native/photo-viewer": "^5.28.0",
    "@ionic-native/preview-any-file": "^5.28.0",
    "@ionic-native/screen-orientation": "^5.28.0",
    "@ionic-native/splash-screen": "^5.28.0",
    "@ionic-native/status-bar": "^5.28.0",
    "@ionic-native/streaming-media": "^5.28.0",
    "@ionic-native/video-player": "^5.28.0",
    "@ionic/angular": "^4.11.11",
    "@ionic/cli": "^6.11.8",
    "@ionic/storage": "^2.3.1",
    "@types/cors": "^2.8.7",
    "@types/express": "^4.17.8",
    "@types/moment-timezone": "^0.5.30",
    "@types/socket.io": "^2.1.11",
    "angular-cropperjs": "^0.1.5",
    "bootstrap": "^4.5.2",
    "com-sarriaroman-photoviewer": "^1.2.5",
    "cordova": "^9.0.0",
    "cordova-android": "^8.1.0",
    "cordova-browser": "^6.0.0",
    "cordova-clipboard": "^1.3.0",
    "cordova-ios": "^5.1.1",
    "cordova-plugin-badge": "^0.8.8",
    "cordova-plugin-camera": "^4.1.0",
    "cordova-plugin-compat": "^1.2.0",
    "cordova-plugin-crop": "git+https://github.com/obeza/cordova-plugin-crop-with-ratio.git",
    "cordova-plugin-fcm-with-dependecy-updated": "^4.6.4",
    "cordova-plugin-file": "^6.0.2",
    "cordova-plugin-filepath": "^1.5.8",
    "cordova-plugin-local-notification": "^0.9.0-beta.2",
    "cordova-plugin-media-capture": "^3.0.3",
    "cordova-plugin-preview-any-file": "^0.1.7",
    "cordova-plugin-screen-orientation": "^3.0.2",
    "cordova-plugin-streaming-media": "^2.3.0",
    "cordova-plugin-telerik-imagepicker": "^2.3.5",
    "cordova-plugin-video-capture-plus": "^1.0.0",
    "cordova-sqlite-storage": "^4.0.0",
    "core-js": "^2.5.4",
    "cors": "^2.8.5",
    "es6-promise-plugin": "^4.2.2",
    "express": "^4.17.1",
    "ion2-calendar": "^3.0.0-rc.0",
    "ionic-captcha": "^1.0.1",
    "ionic2-calendar": "^0.5.10",
    "jquery": "^3.5.1",
    "moment": "^2.28.0",
    "mysql": "^2.18.1",
    "native-run": "^0.3.0",
    "ng2-date-countdown": "^1.1.3",
    "ng2-file-upload": "^1.4.0",
    "ngx-countdown": "^8.0.4",
    "ngx-ionic-image-viewer": "^0.7.1",
    "ngx-show-hide-password": "^2.3.0",
    "ngx-socket-io": "^3.2.0",
    "node-sass": "^4.14.1",
    "phonegap-plugin-barcodescanner": "^8.1.0",
    "rxjs": "^6.6.3",
    "socket.io": "^2.3.0",
    "socket.io-client": "^2.3.0",
    "tslib": "^1.13.0",
    "zone.js": "~0.9.1"
  },
  "devDependencies": {
    "@angular-devkit/architect": "~0.801.2",
    "@angular-devkit/build-angular": "^0.803.29",
    "@angular-devkit/core": "~8.1.2",
    "@angular-devkit/schematics": "~8.1.2",
    "@angular/cli": "^8.3.29",
    "@angular/compiler": "~8.1.2",
    "@angular/compiler-cli": "~8.1.2",
    "@angular/language-service": "~8.1.2",
    "@ionic/angular-toolkit": "^2.3.3",
    "@ionic/app-scripts": "^3.2.4",
    "@ionic/lab": "3.1.1",
    "@types/jasmine": "~3.3.8",
    "@types/jasminewd2": "~2.0.3",
    "@types/node": "~8.9.4",
    "codelyzer": "^5.2.2",
    "cordova-android-support-gradle-release": "^3.0.1",
    "cordova-plugin-device": "^2.0.3",
    "cordova-plugin-ionic-keyboard": "^2.2.0",
    "cordova-plugin-ionic-webview": "^4.2.1",
    "cordova-plugin-iosrtc": "^6.0.13",
    "cordova-plugin-splashscreen": "^5.0.4",
    "cordova-plugin-statusbar": "^2.4.3",
    "cordova-plugin-whitelist": "^1.3.4",
    "jasmine-core": "~3.4.0",
    "jasmine-spec-reporter": "~4.2.1",
    "karma": "~4.1.0",
    "karma-chrome-launcher": "~2.2.0",
    "karma-coverage-istanbul-reporter": "~2.0.1",
    "karma-jasmine": "~2.0.1",
    "karma-jasmine-html-reporter": "^1.5.4",
    "protractor": "^5.4.4",
    "ts-node": "~7.0.0",
    "tslint": "~5.15.0",
    "typescript": "~3.4.3"
  },
  "description": "An Ionic project",
  "cordova": {
    "plugins": {
      "cordova-plugin-whitelist": {},
      "cordova-plugin-statusbar": {},
      "cordova-plugin-device": {},
      "cordova-plugin-splashscreen": {},
      "cordova-plugin-ionic-webview": {
        "ANDROID_SUPPORT_ANNOTATIONS_VERSION": "27.+"
      },
      "cordova-plugin-ionic-keyboard": {},
      "cordova-clipboard": {},
      "phonegap-plugin-barcodescanner": {},
      "cordova-plugin-telerik-imagepicker": {},
      "cordova-plugin-camera": {},
      "cordova-plugin-file": {},
      "cordova-plugin-filepath": {},
      "cordova-plugin-local-notification": {},
      "cordova-plugin-media-capture": {},
      "cordova-plugin-android-permissions": {},
      "cordova-plugin-geolocation": {},
      "cordova-plugin-request-location-accuracy": {},
      "cordova-plugin-file-transfer": {},
      "cordova-plugin-media": {},
      "cordova-android-support-gradle-release": {
        "ANDROID_SUPPORT_VERSION": "27.+"
      },
      "cordova-plugin-iosrtc": {},
      "cordova-sqlite-storage": {},
      "com-sarriaroman-photoviewer": {},
      "cordova-plugin-preview-any-file": {},
      "cordova-plugin-crop": {},
      "cordova-plugin-screen-orientation": {},
      "cordova-plugin-fcm-with-dependecy-updated": {
        "FCM_VERSION": "19.0.0",
        "GRADLE_TOOLS_VERSION": "3.5.3",
        "GOOGLE_SERVICES_VERSION": "4.3.3",
        "SUPPORT_LIBRARY_VERSION": "28.0.0",
        "ANDROID_DEFAULT_NOTIFICATION_ICON": "@mipmap/ic_launcher"
      },
      "cordova-plugin-streaming-media": {}
    },
    "platforms": [
      "ios",
      "browser",
      "android"
    ]
  }
}